"variavel","prop_1","min_prop"
"Praia",0.00366300366300366,0.00366300366300366
"Bar_lounge",0.00549450549450549,0.00549450549450549
