"model_id","modelo","RMSE","MAE","R2","PCT_0_5"
"rpart","Arvore (rpart)",0.534271616730291,0.383694870544861,0.454731450724716,0.702702702702703
"rf","Random Forest",0.536746325862907,0.380841174653385,0.449668459781236,0.72972972972973
"lasso","Lasso (glmnet)",0.542484646859029,0.405199714380412,0.43783843969145,0.702702702702703
"lm","Regressao Linear (lm)",0.542528192389979,0.405428913165511,0.437748186054739,0.702702702702703
"ridge","Ridge (glmnet)",0.558804545318848,0.415731461766576,0.403505967859535,0.666666666666667
"baseline","Baseline (media treino)",0.723625340651938,0.587687687687688,-0.000262015503875945,0.594594594594595
