"model_id","mtry","RMSE","MAE","R2","PCT_0_5"
"rf",3,0.495337837863599,0.360667635823186,0.517240785165355,0.736214795995918
"rf",4,0.501153415836053,0.366647413707266,0.505449467905167,0.733785855427442
"rf",6,0.516020155593562,0.37773357749597,0.47577882982226,0.728817883742644
